t(ms),x,y,z
64,-1.3030317860694117e-16,0.021393650749173876,-4.200010603571028
128,4.801964671150753e-09,0.022371115446614926,-4.192533120431795
192,5.7175000254376045e-08,0.023141683942424583,-4.176918957592913
