t(ms),x,y,z
64,-2.987148173387801e-16,0.022622549980292648,-4.20001936837367
128,1.1135711342507354e-17,0.02442789738441333,-4.200030942160793
